{"assets/ibooster/Asset1.svg":["assets/ibooster/Asset1.svg"],"assets/ibooster/Asset11.svg":["assets/ibooster/Asset11.svg"],"assets/ibooster/Asset12.svg":["assets/ibooster/Asset12.svg"],"assets/ibooster/Asset13-orange.png":["assets/ibooster/Asset13-orange.png"],"assets/ibooster/Asset13-orange.svg":["assets/ibooster/Asset13-orange.svg"],"assets/ibooster/Asset13.svg":["assets/ibooster/Asset13.svg"],"assets/ibooster/Asset14.svg":["assets/ibooster/Asset14.svg"],"assets/ibooster/Asset15.svg":["assets/ibooster/Asset15.svg"],"assets/ibooster/Asset16.svg":["assets/ibooster/Asset16.svg"],"assets/ibooster/Asset2.svg":["assets/ibooster/Asset2.svg"],"assets/ibooster/Asset3.svg":["assets/ibooster/Asset3.svg"],"assets/ibooster/Asset4.svg":["assets/ibooster/Asset4.svg"],"assets/ibooster/Asset5.svg":["assets/ibooster/Asset5.svg"],"assets/ibooster/Asset6.svg":["assets/ibooster/Asset6.svg"],"assets/ibooster/Asset9.svg":["assets/ibooster/Asset9.svg"],"packages/cupertino_icons/assets/CupertinoIcons.ttf":["packages/cupertino_icons/assets/CupertinoIcons.ttf"],"assets/ibooster/arrow_left_green.png":["assets/ibooster/arrow_left_green.png"],"assets/ibooster/arrow_left_red.png":["assets/ibooster/arrow_left_red.png"],"assets/ibooster/arrow_left_yellow.png":["assets/ibooster/arrow_left_yellow.png"],"assets/ibooster/arrow_right_green.png":["assets/ibooster/arrow_right_green.png"],"assets/ibooster/arrow_right_red.png":["assets/ibooster/arrow_right_red.png"],"assets/ibooster/arrow_right_yellow.png":["assets/ibooster/arrow_right_yellow.png"],"packages/rflutter_alert/assets/images/close.png":["packages/rflutter_alert/assets/images/close.png","packages/rflutter_alert/assets/images/2.0x/close.png","packages/rflutter_alert/assets/images/3.0x/close.png"],"assets/fonts/cm_sans_serif_2012.ttf":["assets/fonts/cm_sans_serif_2012.ttf"],"packages/progress_dialog/assets/double_ring_loading_io.gif":["packages/progress_dialog/assets/double_ring_loading_io.gif"],"packages/rflutter_alert/assets/images/icon_error.png":["packages/rflutter_alert/assets/images/icon_error.png","packages/rflutter_alert/assets/images/2.0x/icon_error.png","packages/rflutter_alert/assets/images/3.0x/icon_error.png"],"packages/rflutter_alert/assets/images/icon_info.png":["packages/rflutter_alert/assets/images/icon_info.png","packages/rflutter_alert/assets/images/2.0x/icon_info.png","packages/rflutter_alert/assets/images/3.0x/icon_info.png"],"packages/rflutter_alert/assets/images/icon_success.png":["packages/rflutter_alert/assets/images/icon_success.png","packages/rflutter_alert/assets/images/2.0x/icon_success.png","packages/rflutter_alert/assets/images/3.0x/icon_success.png"],"packages/rflutter_alert/assets/images/icon_warning.png":["packages/rflutter_alert/assets/images/icon_warning.png","packages/rflutter_alert/assets/images/2.0x/icon_warning.png","packages/rflutter_alert/assets/images/3.0x/icon_warning.png"],"assets/search.svg":["assets/search.svg"],"assets/ibooster/topology_pon_blue_42_gsssss.png":["assets/ibooster/topology_pon_blue_42_gsssss.png"],"assets/ibooster/topology_pon_green_09.png":["assets/ibooster/topology_pon_green_09.png"],"assets/ibooster/topology_pon_green_11.png":["assets/ibooster/topology_pon_green_11.png"],"assets/ibooster/topology_pon_green_22.png":["assets/ibooster/topology_pon_green_22.png"],"assets/ibooster/topology_pon_green_27.png":["assets/ibooster/topology_pon_green_27.png"],"assets/ibooster/topology_pon_green_36.png":["assets/ibooster/topology_pon_green_36.png"],"assets/ibooster/topology_pon_green_45.png":["assets/ibooster/topology_pon_green_45.png"],"assets/ibooster/topology_pon_red_09.png":["assets/ibooster/topology_pon_red_09.png"],"assets/ibooster/topology_pon_red_11.png":["assets/ibooster/topology_pon_red_11.png"],"assets/ibooster/topology_pon_red_22.png":["assets/ibooster/topology_pon_red_22.png"],"assets/ibooster/topology_pon_red_27.png":["assets/ibooster/topology_pon_red_27.png"],"assets/ibooster/topology_pon_red_36.png":["assets/ibooster/topology_pon_red_36.png"],"assets/ibooster/topology_pon_red_42.png":["assets/ibooster/topology_pon_red_42.png"],"assets/ibooster/topology_pon_red_42_gsssss.png":["assets/ibooster/topology_pon_red_42_gsssss.png"],"assets/ibooster/topology_pon_red_45.png":["assets/ibooster/topology_pon_red_45.png"],"assets/ibooster/topology_pon_silver_09.png":["assets/ibooster/topology_pon_silver_09.png"],"assets/ibooster/topology_pon_silver_11.png":["assets/ibooster/topology_pon_silver_11.png"],"assets/ibooster/topology_pon_silver_22.png":["assets/ibooster/topology_pon_silver_22.png"],"assets/ibooster/topology_pon_silver_27.png":["assets/ibooster/topology_pon_silver_27.png"],"assets/ibooster/topology_pon_silver_36.png":["assets/ibooster/topology_pon_silver_36.png"],"assets/ibooster/topology_pon_silver_42.png":["assets/ibooster/topology_pon_silver_42.png"],"assets/ibooster/topology_pon_silver_45.png":["assets/ibooster/topology_pon_silver_45.png"]}